employee_id,request_date,leave_type,approval_status,absence_code
37,4/18/2021,Vacation,Approved,Vacation
50,4/22/2021,Parental,Approved,Parental
55,4/7/2021,Sick,Approved,Sick
94,4/9/2021,Sick,Approved,Sick
108,4/18/2021,Vacation,Approved,Vacation
197,4/8/2021,Parental,Approved,Parental
265,4/7/2021,Parental,Approved,Parental
43,5/7/2021,Personal,Approved,Personal
48,5/30/2021,Personal,Approved,Personal
53,5/10/2021,Sick,Approved,Sick
99,5/28/2021,Parental,Approved,Parental
164,5/12/2021,Vacation,Approved,Vacation
203,5/11/2021,Personal,Approved,Personal
284,5/19/2021,Sick,Approved,Sick
285,5/23/2021,Vacation,Denied,None
298,5/6/2021,Sick,Approved,Sick
304,5/8/2021,Parental,Approved,Parental
312,5/28/2021,Personal,Approved,Personal
61,6/25/2021,Sick,Approved,Sick
71,6/5/2021,Vacation,Approved,Vacation
73,6/13/2021,Parental,Approved,Parental
89,6/20/2021,Vacation,Approved,Vacation
186,6/15/2021,Personal,Approved,Personal
206,6/8/2021,Vacation,Approved,Vacation
208,6/15/2021,Parental,Approved,Parental
257,6/22/2021,Personal,Approved,Personal
270,6/18/2021,Sick,Approved,Sick
272,6/12/2021,Sick,Approved,Sick
292,6/4/2021,Vacation,Denied,None
314,6/29/2021,Vacation,Approved,Vacation
32,7/25/2021,Vacation,Approved,Vacation
47,7/23/2021,Sick,Approved,Sick
79,7/15/2021,Sick,Approved,Sick
113,7/10/2021,Parental,Approved,Parental
120,7/15/2021,Sick,Approved,Sick
149,7/27/2021,Sick,Approved,Sick
160,7/31/2021,Sick,Approved,Sick
178,7/24/2021,Sick,Approved,Sick
190,7/26/2021,Personal,Approved,Personal
207,7/19/2021,Vacation,Approved,Vacation
214,7/9/2021,Personal,Approved,Personal
242,7/31/2021,Parental,Approved,Parental
274,7/30/2021,Personal,Approved,Personal
275,7/17/2021,Vacation,Approved,Vacation
293,7/13/2021,Parental,Approved,Parental
11,8/17/2021,Sick,Approved,Sick
21,8/30/2021,Vacation,Approved,Vacation
28,8/16/2021,Vacation,Approved,Vacation
44,8/31/2021,Sick,Approved,Sick
68,8/24/2021,Sick,Approved,Sick
115,8/18/2021,Parental,Approved,Parental
175,8/7/2021,Vacation,Approved,Vacation
184,8/17/2021,Personal,Approved,Personal
214,8/6/2021,Parental,Approved,Parental
218,8/7/2021,Parental,Approved,Parental
236,8/12/2021,Vacation,Approved,Vacation
288,8/8/2021,Sick,Approved,Sick
7,9/8/2021,Sick,Approved,Sick
89,9/18/2021,Vacation,Approved,Vacation
119,9/15/2021,Sick,Approved,Sick
130,9/30/2021,Parental,Denied,None
172,9/3/2021,Sick,Approved,Sick
175,9/23/2021,Personal,Approved,Personal
177,9/9/2021,Parental,Approved,Parental
207,9/16/2021,Sick,Approved,Sick
220,9/17/2021,Parental,Approved,Parental
241,9/8/2021,Sick,Approved,Sick
247,9/7/2021,Vacation,Approved,Vacation
272,9/19/2021,Personal,Approved,Personal
313,9/11/2021,Vacation,Approved,Vacation
315,9/21/2021,Vacation,Approved,Vacation
316,9/5/2021,Vacation,Pending,None
2,10/6/2021,Personal,Approved,Personal
4,10/11/2021,Parental,Approved,Parental
38,10/24/2021,Sick,Approved,Sick
53,10/18/2021,Parental,Approved,Parental
83,10/7/2021,Parental,Approved,Parental
86,10/21/2021,Vacation,Approved,Vacation
101,10/4/2021,Parental,Approved,Parental
115,10/7/2021,Parental,Approved,Parental
129,10/20/2021,Personal,Approved,Personal
160,10/15/2021,Personal,Approved,Personal
170,10/10/2021,Sick,Approved,Sick
195,10/9/2021,Personal,Approved,Personal
207,10/21/2021,Vacation,Approved,Vacation
216,10/23/2021,Personal,Approved,Personal
219,10/8/2021,Vacation,Approved,Vacation
220,10/30/2021,Personal,Denied,None
223,10/28/2021,Parental,Approved,Parental
226,10/28/2021,Parental,Approved,Parental
259,10/20/2021,Sick,Denied,None
331,10/4/2021,Parental,Denied,None
20,11/19/2021,Personal,Denied,None
108,11/19/2021,Vacation,Approved,Vacation
112,11/28/2021,Personal,Approved,Personal
117,11/14/2021,Sick,Approved,Sick
122,11/21/2021,Personal,Pending,None
140,11/27/2021,Parental,Approved,Parental
142,11/29/2021,Vacation,Denied,None
186,11/5/2021,Personal,Approved,Personal
240,11/8/2021,Sick,Pending,None
306,11/9/2021,Parental,Approved,Parental
313,11/16/2021,Parental,Approved,Parental
319,11/19/2021,Sick,Denied,None
68,12/16/2021,Personal,Approved,Personal
72,12/24/2021,Vacation,Approved,Vacation
117,12/30/2021,Sick,Pending,None
140,12/28/2021,Sick,Approved,Sick
152,12/11/2021,Personal,Approved,Personal
158,12/9/2021,Vacation,Approved,Vacation
168,12/20/2021,Personal,Approved,Personal
194,12/30/2021,Vacation,Approved,Vacation
220,12/23/2021,Sick,Approved,Sick
235,12/25/2021,Parental,Approved,Parental
272,12/11/2021,Personal,Approved,Personal
284,12/7/2021,Vacation,Denied,None
304,12/5/2021,Parental,Pending,None
346,12/16/2021,Parental,Approved,Parental
355,12/19/2021,Parental,Approved,Parental
20,1/28/2022,Parental,Approved,Parental
38,1/12/2022,Sick,Approved,Sick
98,1/7/2022,Vacation,Approved,Vacation
99,1/9/2022,Sick,Approved,Sick
101,1/10/2022,Personal,Approved,Personal
116,1/13/2022,Parental,Approved,Parental
127,1/15/2022,Vacation,Pending,None
147,1/29/2022,Sick,Approved,Sick
201,1/23/2022,Personal,Approved,Personal
211,1/28/2022,Parental,Approved,Parental
256,1/18/2022,Vacation,Approved,Vacation
288,1/28/2022,Parental,Approved,Parental
303,1/20/2022,Parental,Approved,Parental
316,1/8/2022,Vacation,Approved,Vacation
319,1/16/2022,Vacation,Approved,Vacation
321,1/14/2022,Vacation,Denied,None
350,1/22/2022,Personal,Approved,Personal
354,1/21/2022,Parental,Approved,Parental
16,2/6/2022,Vacation,Approved,Vacation
52,2/6/2022,Personal,Approved,Personal
62,2/21/2022,Parental,Approved,Parental
69,2/6/2022,Parental,Approved,Parental
96,2/6/2022,Parental,Approved,Parental
108,2/28/2022,Personal,Approved,Personal
162,2/25/2022,Sick,Approved,Sick
173,2/25/2022,Personal,Approved,Personal
190,2/24/2022,Sick,Approved,Sick
279,2/19/2022,Sick,Approved,Sick
19,3/12/2022,Parental,Approved,Parental
28,3/11/2022,Personal,Approved,Personal
80,3/7/2022,Parental,Approved,Parental
109,3/19/2022,Vacation,Approved,Vacation
141,3/12/2022,Vacation,Approved,Vacation
208,3/7/2022,Personal,Denied,None
257,3/25/2022,Sick,Approved,Sick
304,3/31/2022,Parental,Approved,Parental
350,3/8/2022,Sick,Denied,None
364,3/8/2022,Parental,Approved,Parental
11,4/30/2022,Vacation,Approved,Vacation
19,4/25/2022,Personal,Approved,Personal
44,4/3/2022,Personal,Approved,Personal
53,4/30/2022,Vacation,Approved,Vacation
125,4/27/2022,Parental,Approved,Parental
197,4/5/2022,Vacation,Approved,Vacation
206,4/17/2022,Sick,Approved,Sick
236,4/18/2022,Vacation,Approved,Vacation
300,4/22/2022,Vacation,Approved,Vacation
310,4/20/2022,Parental,Approved,Parental
323,4/15/2022,Sick,Approved,Sick
342,4/15/2022,Vacation,Approved,Vacation
356,4/30/2022,Parental,Pending,None
5,5/15/2022,Personal,Approved,Personal
10,5/5/2022,Parental,Approved,Parental
11,5/19/2022,Vacation,Approved,Vacation
20,5/10/2022,Vacation,Approved,Vacation
96,5/14/2022,Vacation,Approved,Vacation
101,5/5/2022,Sick,Approved,Sick
167,5/17/2022,Sick,Approved,Sick
187,5/16/2022,Parental,Approved,Parental
196,5/24/2022,Personal,Approved,Personal
237,5/15/2022,Personal,Denied,None
249,5/11/2022,Personal,Approved,Personal
257,5/27/2022,Vacation,Approved,Vacation
339,5/5/2022,Vacation,Approved,Vacation
364,5/6/2022,Parental,Approved,Parental
368,5/12/2022,Vacation,Approved,Vacation
55,6/8/2022,Parental,Approved,Parental
81,6/16/2022,Parental,Approved,Parental
89,6/7/2022,Personal,Approved,Personal
113,6/17/2022,Sick,Approved,Sick
211,6/13/2022,Sick,Approved,Sick
222,6/11/2022,Parental,Approved,Parental
257,6/15/2022,Vacation,Pending,None
294,6/24/2022,Personal,Approved,Personal
319,6/4/2022,Vacation,Approved,Vacation
326,6/30/2022,Sick,Approved,Sick
328,6/4/2022,Parental,Approved,Parental
35,7/29/2022,Sick,Approved,Sick
59,7/6/2022,Sick,Approved,Sick
99,7/15/2022,Parental,Approved,Parental
211,7/25/2022,Personal,Approved,Personal
246,7/5/2022,Vacation,Approved,Vacation
283,7/20/2022,Vacation,Approved,Vacation
291,7/17/2022,Sick,Approved,Sick
336,7/15/2022,Vacation,Denied,None
344,7/7/2022,Personal,Approved,Personal
358,7/18/2022,Sick,Denied,None
389,7/17/2022,Personal,Approved,Personal
28,8/19/2022,Parental,Approved,Parental
49,8/8/2022,Parental,Denied,None
91,8/24/2022,Vacation,Approved,Vacation
187,8/16/2022,Personal,Approved,Personal
221,8/16/2022,Personal,Approved,Personal
223,8/28/2022,Sick,Approved,Sick
225,8/31/2022,Vacation,Approved,Vacation
239,8/12/2022,Personal,Approved,Personal
242,8/31/2022,Parental,Approved,Parental
253,8/15/2022,Sick,Approved,Sick
279,8/25/2022,Sick,Approved,Sick
311,8/20/2022,Personal,Approved,Personal
320,8/12/2022,Vacation,Denied,None
326,8/31/2022,Personal,Approved,Personal
330,8/10/2022,Sick,Approved,Sick
348,8/26/2022,Parental,Approved,Parental
359,8/6/2022,Parental,Approved,Parental
381,8/13/2022,Sick,Approved,Sick
382,8/6/2022,Sick,Approved,Sick
408,8/4/2022,Personal,Denied,None
3,9/23/2022,Personal,Approved,Personal
30,9/8/2022,Personal,Approved,Personal
39,9/13/2022,Personal,Approved,Personal
67,9/5/2022,Parental,Approved,Parental
73,9/14/2022,Personal,Approved,Personal
91,9/15/2022,Vacation,Approved,Vacation
124,9/15/2022,Personal,Approved,Personal
160,9/5/2022,Vacation,Approved,Vacation
168,9/17/2022,Sick,Approved,Sick
234,9/24/2022,Parental,Approved,Parental
245,9/13/2022,Vacation,Approved,Vacation
263,9/11/2022,Parental,Approved,Parental
273,9/23/2022,Personal,Approved,Personal
300,9/8/2022,Vacation,Approved,Vacation
373,9/7/2022,Sick,Approved,Sick
388,9/22/2022,Sick,Approved,Sick
403,9/27/2022,Vacation,Approved,Vacation
415,9/19/2022,Personal,Approved,Personal
416,9/16/2022,Parental,Approved,Parental
418,9/24/2022,Personal,Approved,Personal
17,10/19/2022,Sick,Approved,Sick
36,10/9/2022,Parental,Pending,None
62,10/22/2022,Vacation,Approved,Vacation
103,10/6/2022,Sick,Approved,Sick
152,10/19/2022,Sick,Approved,Sick
167,10/6/2022,Sick,Approved,Sick
168,10/18/2022,Vacation,Approved,Vacation
190,10/5/2022,Sick,Approved,Sick
209,10/11/2022,Parental,Approved,Parental
211,10/29/2022,Personal,Approved,Personal
238,10/16/2022,Vacation,Approved,Vacation
278,10/29/2022,Vacation,Approved,Vacation
284,10/18/2022,Personal,Approved,Personal
334,10/6/2022,Personal,Approved,Personal
1,11/9/2022,Parental,Approved,Parental
10,11/8/2022,Personal,Approved,Personal
19,11/28/2022,Personal,Approved,Personal
22,11/19/2022,Vacation,Approved,Vacation
36,11/17/2022,Personal,Denied,None
49,11/5/2022,Personal,Approved,Personal
103,11/25/2022,Personal,Approved,Personal
154,11/18/2022,Personal,Approved,Personal
212,11/22/2022,Vacation,Approved,Vacation
221,11/28/2022,Sick,Denied,None
297,11/21/2022,Parental,Approved,Parental
326,11/23/2022,Sick,Pending,None
331,11/26/2022,Vacation,Approved,Vacation
378,11/28/2022,Personal,Approved,Personal
381,11/29/2022,Sick,Approved,Sick
400,11/10/2022,Parental,Approved,Parental
418,11/22/2022,Vacation,Approved,Vacation
438,11/18/2022,Parental,Approved,Parental
47,12/11/2022,Vacation,Approved,Vacation
130,12/31/2022,Sick,Pending,None
133,12/10/2022,Sick,Approved,Sick
147,12/29/2022,Parental,Approved,Parental
170,12/8/2022,Vacation,Denied,None
208,12/28/2022,Vacation,Approved,Vacation
225,12/7/2022,Personal,Approved,Personal
234,12/10/2022,Sick,Approved,Sick
263,12/29/2022,Personal,Approved,Personal
289,12/6/2022,Vacation,Pending,None
303,12/9/2022,Parental,Approved,Parental
338,12/14/2022,Personal,Approved,Personal
368,12/6/2022,Sick,Denied,None
376,12/23/2022,Sick,Denied,None
383,12/15/2022,Parental,Approved,Parental
402,12/26/2022,Vacation,Approved,Vacation
417,12/30/2022,Sick,Approved,Sick
427,12/5/2022,Vacation,Approved,Vacation
452,12/19/2022,Sick,Approved,Sick
2,1/14/2023,Sick,Approved,Sick
42,1/18/2023,Parental,Approved,Parental
153,1/5/2023,Vacation,Approved,Vacation
184,1/29/2023,Personal,Approved,Personal
242,1/24/2023,Sick,Approved,Sick
279,1/30/2023,Parental,Approved,Parental
373,1/18/2023,Parental,Approved,Parental
377,1/4/2023,Parental,Approved,Parental
458,1/27/2023,Parental,Approved,Parental
460,1/15/2023,Parental,Approved,Parental
60,2/27/2023,Sick,Approved,Sick
79,2/24/2023,Personal,Approved,Personal
103,2/14/2023,Vacation,Approved,Vacation
165,2/1/2023,Vacation,Approved,Vacation
170,2/21/2023,Vacation,Approved,Vacation
171,2/25/2023,Vacation,Approved,Vacation
266,2/12/2023,Parental,Approved,Parental
291,2/26/2023,Parental,Approved,Parental
313,2/28/2023,Parental,Approved,Parental
318,2/26/2023,Vacation,Approved,Vacation
327,2/20/2023,Sick,Approved,Sick
331,2/6/2023,Sick,Denied,None
350,2/7/2023,Personal,Approved,Personal
379,2/22/2023,Vacation,Approved,Vacation
392,2/20/2023,Sick,Approved,Sick
446,2/21/2023,Vacation,Approved,Vacation
456,2/20/2023,Sick,Approved,Sick
474,2/2/2023,Sick,Approved,Sick
20,3/18/2023,Personal,Approved,Personal
28,3/18/2023,Parental,Approved,Parental
45,3/10/2023,Vacation,Approved,Vacation
88,3/4/2023,Vacation,Approved,Vacation
90,3/23/2023,Personal,Approved,Personal
103,3/19/2023,Vacation,Approved,Vacation
113,3/16/2023,Sick,Approved,Sick
127,3/6/2023,Sick,Approved,Sick
164,3/21/2023,Personal,Approved,Personal
252,3/15/2023,Vacation,Approved,Vacation
278,3/24/2023,Parental,Approved,Parental
283,3/26/2023,Personal,Approved,Personal
293,3/4/2023,Vacation,Approved,Vacation
352,3/30/2023,Vacation,Pending,None
380,3/10/2023,Parental,Approved,Parental
409,3/12/2023,Personal,Denied,None
417,3/10/2023,Personal,Approved,Personal
465,3/29/2023,Personal,Approved,Personal
467,3/25/2023,Sick,Approved,Sick
484,3/4/2023,Sick,Approved,Sick
2,4/21/2023,Vacation,Approved,Vacation
6,4/30/2023,Sick,Approved,Sick
7,4/24/2023,Sick,Denied,None
62,4/14/2023,Personal,Approved,Personal
100,4/17/2023,Personal,Approved,Personal
158,4/23/2023,Vacation,Approved,Vacation
207,4/11/2023,Personal,Approved,Personal
214,4/30/2023,Parental,Approved,Parental
225,4/4/2023,Personal,Approved,Personal
235,4/9/2023,Parental,Approved,Parental
245,4/4/2023,Parental,Approved,Parental
250,4/5/2023,Personal,Approved,Personal
252,4/14/2023,Sick,Approved,Sick
341,4/21/2023,Personal,Approved,Personal
410,4/25/2023,Personal,Approved,Personal
423,4/28/2023,Personal,Approved,Personal
426,4/6/2023,Personal,Approved,Personal
435,4/4/2023,Sick,Denied,None
455,4/29/2023,Personal,Approved,Personal
458,4/18/2023,Personal,Approved,Personal
20,5/15/2023,Parental,Pending,None
27,5/31/2023,Parental,Approved,Parental
33,5/18/2023,Sick,Approved,Sick
43,5/19/2023,Sick,Approved,Sick
108,5/15/2023,Sick,Approved,Sick
120,5/4/2023,Personal,Approved,Personal
125,5/20/2023,Parental,Approved,Parental
139,5/10/2023,Sick,Approved,Sick
142,5/15/2023,Parental,Denied,None
164,5/14/2023,Vacation,Approved,Vacation
199,5/31/2023,Personal,Approved,Personal
204,5/11/2023,Personal,Approved,Personal
326,5/22/2023,Sick,Approved,Sick
339,5/8/2023,Sick,Approved,Sick
390,5/24/2023,Vacation,Approved,Vacation
396,5/20/2023,Vacation,Pending,None
404,5/17/2023,Sick,Approved,Sick
434,5/9/2023,Vacation,Approved,Vacation
445,5/12/2023,Parental,Approved,Parental
466,5/12/2023,Sick,Approved,Sick
516,5/25/2023,Sick,Approved,Sick
19,6/6/2023,Parental,Approved,Parental
44,6/18/2023,Vacation,Approved,Vacation
119,6/30/2023,Personal,Denied,None
220,6/21/2023,Personal,Approved,Personal
248,6/3/2023,Sick,Approved,Sick
266,6/30/2023,Parental,Approved,Parental
345,6/6/2023,Sick,Pending,None
378,6/9/2023,Personal,Approved,Personal
382,6/7/2023,Vacation,Approved,Vacation
399,6/7/2023,Sick,Approved,Sick
429,6/22/2023,Parental,Approved,Parental
440,6/10/2023,Vacation,Approved,Vacation
462,6/25/2023,Sick,Approved,Sick
463,6/25/2023,Vacation,Approved,Vacation
482,6/18/2023,Parental,Approved,Parental
501,6/23/2023,Sick,Approved,Sick
509,6/8/2023,Personal,Approved,Personal
22,7/6/2023,Sick,Approved,Sick
34,7/29/2023,Personal,Approved,Personal
40,7/5/2023,Personal,Approved,Personal
42,7/26/2023,Sick,Approved,Sick
88,7/27/2023,Parental,Approved,Parental
135,7/13/2023,Vacation,Approved,Vacation
136,7/31/2023,Parental,Approved,Parental
162,7/8/2023,Personal,Approved,Personal
175,7/27/2023,Vacation,Approved,Vacation
198,7/23/2023,Sick,Approved,Sick
213,7/8/2023,Parental,Approved,Parental
285,7/27/2023,Personal,Approved,Personal
295,7/15/2023,Sick,Pending,None
368,7/20/2023,Vacation,Approved,Vacation
392,7/18/2023,Sick,Approved,Sick
447,7/17/2023,Sick,Approved,Sick
517,7/27/2023,Vacation,Approved,Vacation
535,7/14/2023,Vacation,Approved,Vacation
537,7/15/2023,Vacation,Approved,Vacation
109,8/10/2023,Personal,Approved,Personal
152,8/22/2023,Parental,Approved,Parental
245,8/13/2023,Sick,Approved,Sick
297,8/25/2023,Vacation,Denied,None
328,8/13/2023,Personal,Approved,Personal
333,8/25/2023,Vacation,Approved,Vacation
347,8/13/2023,Sick,Approved,Sick
372,8/16/2023,Vacation,Denied,None
374,8/10/2023,Personal,Approved,Personal
388,8/26/2023,Personal,Approved,Personal
408,8/9/2023,Sick,Approved,Sick
414,8/4/2023,Personal,Approved,Personal
440,8/31/2023,Sick,Approved,Sick
445,8/25/2023,Personal,Approved,Personal
449,8/27/2023,Personal,Approved,Personal
482,8/31/2023,Personal,Approved,Personal
489,8/11/2023,Personal,Approved,Personal
508,8/14/2023,Parental,Approved,Parental
534,8/4/2023,Vacation,Approved,Vacation
536,8/19/2023,Vacation,Approved,Vacation
538,8/14/2023,Personal,Approved,Personal
546,8/11/2023,Personal,Approved,Personal
44,9/21/2023,Vacation,Approved,Vacation
116,9/13/2023,Vacation,Approved,Vacation
127,9/22/2023,Parental,Approved,Parental
134,9/25/2023,Sick,Approved,Sick
158,9/20/2023,Sick,Approved,Sick
185,9/7/2023,Vacation,Approved,Vacation
212,9/18/2023,Parental,Approved,Parental
239,9/23/2023,Sick,Approved,Sick
290,9/7/2023,Sick,Approved,Sick
314,9/23/2023,Parental,Pending,None
327,9/28/2023,Sick,Approved,Sick
371,9/26/2023,Personal,Denied,None
382,9/29/2023,Vacation,Approved,Vacation
408,9/6/2023,Vacation,Approved,Vacation
475,9/19/2023,Personal,Approved,Personal
476,9/23/2023,Vacation,Approved,Vacation
486,9/3/2023,Vacation,Approved,Vacation
489,9/10/2023,Parental,Denied,None
496,9/23/2023,Sick,Approved,Sick
517,9/8/2023,Sick,Denied,None
542,9/12/2023,Parental,Approved,Parental
567,9/15/2023,Personal,Approved,Personal
30,10/17/2023,Personal,Approved,Personal
184,10/27/2023,Vacation,Approved,Vacation
204,10/12/2023,Vacation,Denied,None
216,10/24/2023,Vacation,Approved,Vacation
246,10/26/2023,Personal,Approved,Personal
257,10/14/2023,Personal,Denied,None
307,10/18/2023,Vacation,Approved,Vacation
345,10/12/2023,Personal,Approved,Personal
388,10/21/2023,Vacation,Approved,Vacation
400,10/6/2023,Personal,Approved,Personal
401,10/7/2023,Parental,Approved,Parental
411,10/17/2023,Parental,Denied,None
420,10/27/2023,Parental,Approved,Parental
451,10/29/2023,Personal,Approved,Personal
483,10/13/2023,Parental,Approved,Parental
489,10/10/2023,Parental,Approved,Parental
497,10/23/2023,Parental,Approved,Parental
575,10/6/2023,Vacation,Approved,Vacation
576,10/17/2023,Parental,Approved,Parental
577,10/19/2023,Vacation,Approved,Vacation
2,11/14/2023,Vacation,Approved,Vacation
7,11/3/2023,Vacation,Approved,Vacation
33,11/18/2023,Vacation,Approved,Vacation
79,11/12/2023,Sick,Approved,Sick
134,11/29/2023,Personal,Approved,Personal
149,11/27/2023,Sick,Pending,None
151,11/12/2023,Sick,Approved,Sick
170,11/24/2023,Parental,Approved,Parental
256,11/23/2023,Sick,Approved,Sick
284,11/12/2023,Parental,Approved,Parental
318,11/29/2023,Sick,Pending,None
348,11/7/2023,Sick,Approved,Sick
408,11/9/2023,Vacation,Approved,Vacation
448,11/25/2023,Personal,Approved,Personal
462,11/16/2023,Vacation,Approved,Vacation
469,11/11/2023,Parental,Approved,Parental
478,11/27/2023,Personal,Approved,Personal
494,11/23/2023,Personal,Pending,None
533,11/14/2023,Vacation,Approved,Vacation
546,11/25/2023,Parental,Approved,Parental
579,11/10/2023,Parental,Approved,Parental
18,12/25/2023,Vacation,Approved,Vacation
61,12/8/2023,Parental,Approved,Parental
147,12/11/2023,Vacation,Approved,Vacation
188,12/11/2023,Sick,Approved,Sick
295,12/10/2023,Sick,Approved,Sick
297,12/30/2023,Personal,Approved,Personal
339,12/29/2023,Parental,Approved,Parental
398,12/20/2023,Sick,Pending,None
401,12/19/2023,Vacation,Approved,Vacation
411,12/28/2023,Sick,Approved,Sick
416,12/13/2023,Personal,Approved,Personal
428,12/18/2023,Parental,Approved,Parental
453,12/7/2023,Sick,Approved,Sick
471,12/22/2023,Sick,Approved,Sick
492,12/13/2023,Parental,Approved,Parental
493,12/9/2023,Sick,Approved,Sick
500,12/31/2023,Vacation,Approved,Vacation
524,12/25/2023,Sick,Approved,Sick
544,12/26/2023,Parental,Approved,Parental
589,12/28/2023,Sick,Approved,Sick
10,1/31/2024,Vacation,Approved,Vacation
91,1/18/2024,Personal,Approved,Personal
111,1/31/2024,Sick,Denied,None
119,1/14/2024,Personal,Approved,Personal
140,1/29/2024,Vacation,Approved,Vacation
195,1/17/2024,Personal,Approved,Personal
205,1/21/2024,Personal,Approved,Personal
207,1/18/2024,Vacation,Approved,Vacation
318,1/13/2024,Parental,Approved,Parental
336,1/23/2024,Parental,Denied,None
371,1/22/2024,Sick,Approved,Sick
372,1/10/2024,Personal,Approved,Personal
382,1/15/2024,Sick,Approved,Sick
400,1/6/2024,Parental,Pending,None
415,1/8/2024,Sick,Approved,Sick
417,1/18/2024,Sick,Approved,Sick
444,1/19/2024,Sick,Approved,Sick
454,1/17/2024,Vacation,Approved,Vacation
539,1/29/2024,Vacation,Approved,Vacation
555,1/19/2024,Vacation,Approved,Vacation
590,1/4/2024,Sick,Approved,Sick
16,2/24/2024,Vacation,Pending,None
37,2/25/2024,Parental,Approved,Parental
133,2/6/2024,Parental,Approved,Parental
207,2/19/2024,Sick,Approved,Sick
230,2/21/2024,Personal,Approved,Personal
235,2/3/2024,Personal,Approved,Personal
343,2/7/2024,Parental,Approved,Parental
419,2/6/2024,Personal,Approved,Personal
428,2/19/2024,Personal,Approved,Personal
438,2/13/2024,Personal,Approved,Personal
471,2/25/2024,Sick,Pending,None
486,2/22/2024,Vacation,Approved,Vacation
525,2/28/2024,Personal,Approved,Personal
534,2/11/2024,Parental,Approved,Parental
536,2/14/2024,Sick,Approved,Sick
547,2/12/2024,Sick,Approved,Sick
575,2/10/2024,Parental,Approved,Parental
577,2/6/2024,Personal,Approved,Personal
594,2/6/2024,Parental,Approved,Parental
18,3/16/2024,Parental,Approved,Parental
34,3/19/2024,Parental,Approved,Parental
150,3/17/2024,Parental,Approved,Parental
151,3/26/2024,Personal,Denied,None
193,3/5/2024,Parental,Approved,Parental
221,3/30/2024,Parental,Approved,Parental
277,3/11/2024,Sick,Approved,Sick
330,3/27/2024,Sick,Approved,Sick
336,3/28/2024,Personal,Approved,Personal
344,3/19/2024,Sick,Pending,None
365,3/5/2024,Sick,Approved,Sick
371,3/6/2024,Personal,Approved,Personal
427,3/6/2024,Vacation,Pending,None
431,3/14/2024,Sick,Approved,Sick
432,3/24/2024,Vacation,Approved,Vacation
452,3/20/2024,Vacation,Approved,Vacation
467,3/27/2024,Personal,Approved,Personal
476,3/23/2024,Personal,Pending,None
493,3/18/2024,Parental,Approved,Parental
504,3/31/2024,Sick,Pending,None
515,3/8/2024,Vacation,Approved,Vacation
541,3/17/2024,Personal,Approved,Personal
557,3/29/2024,Sick,Approved,Sick
603,3/8/2024,Vacation,Approved,Vacation
610,3/19/2024,Sick,Approved,Sick
28,4/28/2024,Vacation,Approved,Vacation
45,4/10/2024,Sick,Pending,None
65,4/23/2024,Sick,Approved,Sick
109,4/18/2024,Vacation,Approved,Vacation
119,4/22/2024,Sick,Approved,Sick
120,4/23/2024,Parental,Pending,None
148,4/29/2024,Sick,Approved,Sick
182,4/30/2024,Parental,Approved,Parental
213,4/11/2024,Parental,Approved,Parental
216,4/24/2024,Personal,Pending,None
253,4/18/2024,Sick,Approved,Sick
302,4/23/2024,Parental,Approved,Parental
344,4/3/2024,Vacation,Approved,Vacation
372,4/10/2024,Parental,Approved,Parental
398,4/5/2024,Personal,Approved,Personal
443,4/20/2024,Sick,Approved,Sick
462,4/25/2024,Personal,Approved,Personal
473,4/30/2024,Sick,Pending,None
476,4/15/2024,Personal,Approved,Personal
501,4/15/2024,Personal,Approved,Personal
502,4/3/2024,Sick,Approved,Sick
521,4/15/2024,Sick,Approved,Sick
527,4/10/2024,Vacation,Approved,Vacation
528,4/12/2024,Vacation,Approved,Vacation
546,4/11/2024,Personal,Approved,Personal
574,4/6/2024,Vacation,Approved,Vacation
582,4/4/2024,Vacation,Approved,Vacation
11,5/17/2024,Personal,Approved,Personal
37,5/27/2024,Vacation,Approved,Vacation
59,5/24/2024,Sick,Approved,Sick
98,5/25/2024,Personal,Pending,None
112,5/9/2024,Sick,Approved,Sick
116,5/12/2024,Sick,Approved,Sick
127,5/8/2024,Parental,Approved,Parental
253,5/21/2024,Vacation,Approved,Vacation
339,5/11/2024,Vacation,Approved,Vacation
347,5/25/2024,Vacation,Approved,Vacation
377,5/28/2024,Personal,Approved,Personal
410,5/23/2024,Personal,Approved,Personal
413,5/22/2024,Parental,Approved,Parental
458,5/22/2024,Personal,Approved,Personal
468,5/29/2024,Vacation,Approved,Vacation
478,5/4/2024,Personal,Approved,Personal
490,5/21/2024,Vacation,Approved,Vacation
516,5/11/2024,Sick,Approved,Sick
518,5/30/2024,Personal,Approved,Personal
535,5/30/2024,Vacation,Approved,Vacation
581,5/25/2024,Vacation,Approved,Vacation
611,5/17/2024,Sick,Approved,Sick
617,5/25/2024,Sick,Approved,Sick
620,5/24/2024,Parental,Approved,Parental
625,5/23/2024,Parental,Approved,Parental
626,5/25/2024,Sick,Approved,Sick
36,6/22/2024,Parental,Approved,Parental
151,6/28/2024,Sick,Approved,Sick
175,6/28/2024,Sick,Approved,Sick
177,6/10/2024,Personal,Approved,Personal
213,6/21/2024,Parental,Approved,Parental
285,6/12/2024,Personal,Approved,Personal
317,6/18/2024,Vacation,Approved,Vacation
318,6/26/2024,Sick,Denied,None
326,6/23/2024,Sick,Approved,Sick
329,6/22/2024,Personal,Approved,Personal
341,6/19/2024,Vacation,Approved,Vacation
342,6/21/2024,Sick,Approved,Sick
369,6/6/2024,Vacation,Approved,Vacation
428,6/30/2024,Parental,Approved,Parental
458,6/22/2024,Personal,Approved,Personal
475,6/13/2024,Vacation,Approved,Vacation
499,6/29/2024,Parental,Approved,Parental
515,6/12/2024,Parental,Approved,Parental
529,6/25/2024,Parental,Approved,Parental
536,6/24/2024,Parental,Approved,Parental
537,6/12/2024,Personal,Approved,Personal
546,6/28/2024,Personal,Approved,Personal
599,6/21/2024,Sick,Approved,Sick
626,6/19/2024,Parental,Approved,Parental
640,6/11/2024,Sick,Approved,Sick
20,7/21/2024,Vacation,Approved,Vacation
30,7/6/2024,Personal,Pending,None
91,7/27/2024,Personal,Approved,Personal
102,7/5/2024,Parental,Approved,Parental
116,7/15/2024,Personal,Approved,Personal
151,7/22/2024,Parental,Approved,Parental
194,7/9/2024,Parental,Approved,Parental
240,7/25/2024,Personal,Approved,Personal
246,7/16/2024,Sick,Approved,Sick
276,7/25/2024,Parental,Approved,Parental
326,7/6/2024,Sick,Approved,Sick
335,7/18/2024,Vacation,Approved,Vacation
343,7/23/2024,Vacation,Approved,Vacation
371,7/16/2024,Sick,Approved,Sick
384,7/24/2024,Parental,Approved,Parental
442,7/18/2024,Personal,Approved,Personal
445,7/19/2024,Vacation,Approved,Vacation
464,7/4/2024,Sick,Approved,Sick
524,7/4/2024,Parental,Approved,Parental
536,7/15/2024,Parental,Approved,Parental
562,7/31/2024,Vacation,Pending,None
574,7/5/2024,Personal,Approved,Personal
579,7/9/2024,Personal,Approved,Personal
594,7/15/2024,Personal,Approved,Personal
609,7/17/2024,Vacation,Approved,Vacation
624,7/16/2024,Personal,Approved,Personal
630,7/13/2024,Vacation,Denied,None
642,7/18/2024,Personal,Pending,None
647,7/11/2024,Sick,Approved,Sick
22,8/21/2024,Sick,Pending,None
78,8/5/2024,Parental,Approved,Parental
117,8/20/2024,Vacation,Approved,Vacation
158,8/11/2024,Personal,Denied,None
273,8/28/2024,Parental,Approved,Parental
276,8/10/2024,Sick,Approved,Sick
279,8/15/2024,Sick,Denied,None
283,8/6/2024,Vacation,Approved,Vacation
303,8/31/2024,Personal,Approved,Personal
307,8/5/2024,Vacation,Approved,Vacation
385,8/24/2024,Vacation,Approved,Vacation
391,8/27/2024,Vacation,Approved,Vacation
414,8/7/2024,Personal,Approved,Personal
431,8/24/2024,Sick,Approved,Sick
433,8/18/2024,Personal,Approved,Personal
442,8/20/2024,Sick,Approved,Sick
495,8/9/2024,Parental,Approved,Parental
510,8/29/2024,Vacation,Approved,Vacation
518,8/4/2024,Parental,Approved,Parental
533,8/24/2024,Sick,Approved,Sick
540,8/10/2024,Sick,Approved,Sick
541,8/23/2024,Sick,Approved,Sick
602,8/10/2024,Sick,Approved,Sick
641,8/11/2024,Sick,Approved,Sick
661,8/29/2024,Parental,Approved,Parental
665,8/12/2024,Vacation,Approved,Vacation
674,8/24/2024,Vacation,Approved,Vacation
2,9/20/2024,Vacation,Pending,None
49,9/10/2024,Personal,Denied,None
72,9/6/2024,Vacation,Approved,Vacation
102,9/14/2024,Parental,Approved,Parental
148,9/5/2024,Personal,Approved,Personal
158,9/10/2024,Personal,Approved,Personal
198,9/4/2024,Vacation,Approved,Vacation
208,9/10/2024,Sick,Denied,None
288,9/27/2024,Personal,Approved,Personal
362,9/8/2024,Vacation,Approved,Vacation
400,9/23/2024,Personal,Approved,Personal
413,9/18/2024,Parental,Approved,Parental
433,9/14/2024,Parental,Approved,Parental
440,9/18/2024,Parental,Approved,Parental
473,9/14/2024,Vacation,Approved,Vacation
497,9/23/2024,Personal,Approved,Personal
550,9/23/2024,Parental,Denied,None
601,9/3/2024,Sick,Approved,Sick
603,9/16/2024,Vacation,Approved,Vacation
604,9/30/2024,Personal,Approved,Personal
606,9/26/2024,Sick,Approved,Sick
60,10/28/2024,Sick,Denied,None
78,10/9/2024,Sick,Approved,Sick
79,10/23/2024,Sick,Approved,Sick
131,10/4/2024,Sick,Approved,Sick
138,10/30/2024,Parental,Pending,None
212,10/23/2024,Parental,Approved,Parental
223,10/12/2024,Vacation,Approved,Vacation
291,10/12/2024,Sick,Approved,Sick
313,10/12/2024,Parental,Approved,Parental
328,10/21/2024,Vacation,Approved,Vacation
343,10/24/2024,Parental,Approved,Parental
351,10/19/2024,Parental,Denied,None
368,10/25/2024,Personal,Denied,None
395,10/12/2024,Sick,Approved,Sick
429,10/10/2024,Vacation,Approved,Vacation
506,10/18/2024,Sick,Approved,Sick
551,10/20/2024,Vacation,Approved,Vacation
610,10/12/2024,Personal,Denied,None
674,10/15/2024,Parental,Approved,Parental
675,10/26/2024,Sick,Approved,Sick
687,10/17/2024,Sick,Approved,Sick
706,10/8/2024,Parental,Approved,Parental
19,11/9/2024,Vacation,Approved,Vacation
37,11/4/2024,Personal,Approved,Personal
45,11/27/2024,Personal,Approved,Personal
106,11/7/2024,Personal,Pending,None
117,11/8/2024,Sick,Approved,Sick
283,11/22/2024,Parental,Approved,Parental
362,11/26/2024,Sick,Approved,Sick
363,11/4/2024,Vacation,Approved,Vacation
407,11/20/2024,Personal,Approved,Personal
431,11/5/2024,Vacation,Pending,None
478,11/17/2024,Vacation,Approved,Vacation
528,11/10/2024,Personal,Approved,Personal
568,11/22/2024,Personal,Approved,Personal
590,11/23/2024,Sick,Denied,None
594,11/8/2024,Parental,Approved,Parental
625,11/5/2024,Sick,Approved,Sick
640,11/29/2024,Personal,Denied,None
662,11/12/2024,Personal,Approved,Personal
717,11/25/2024,Personal,Approved,Personal
718,11/26/2024,Vacation,Approved,Vacation
723,11/25/2024,Personal,Approved,Personal
724,11/9/2024,Sick,Approved,Sick
1,12/30/2024,Parental,Approved,Parental
20,12/20/2024,Parental,Approved,Parental
37,12/16/2024,Sick,Approved,Sick
130,12/18/2024,Parental,Approved,Parental
134,12/7/2024,Parental,Approved,Parental
176,12/23/2024,Sick,Approved,Sick
183,12/12/2024,Vacation,Approved,Vacation
193,12/29/2024,Personal,Approved,Personal
216,12/14/2024,Personal,Approved,Personal
239,12/19/2024,Personal,Approved,Personal
284,12/17/2024,Sick,Approved,Sick
377,12/22/2024,Sick,Approved,Sick
392,12/7/2024,Sick,Approved,Sick
411,12/7/2024,Sick,Approved,Sick
442,12/27/2024,Sick,Approved,Sick
453,12/23/2024,Personal,Denied,None
533,12/10/2024,Sick,Approved,Sick
543,12/8/2024,Sick,Approved,Sick
575,12/21/2024,Parental,Approved,Parental
601,12/22/2024,Parental,Approved,Parental
620,12/25/2024,Sick,Approved,Sick
643,12/26/2024,Vacation,Approved,Vacation
684,12/22/2024,Personal,Approved,Personal
715,12/26/2024,Parental,Approved,Parental
740,12/5/2024,Parental,Approved,Parental
133,1/12/2025,Sick,Approved,Sick
175,1/18/2025,Sick,Approved,Sick
188,1/22/2025,Sick,Denied,None
221,1/13/2025,Sick,Approved,Sick
230,1/6/2025,Vacation,Approved,Vacation
270,1/5/2025,Sick,Approved,Sick
321,1/8/2025,Parental,Approved,Parental
380,1/20/2025,Parental,Approved,Parental
395,1/26/2025,Vacation,Approved,Vacation
418,1/10/2025,Personal,Approved,Personal
456,1/30/2025,Sick,Approved,Sick
463,1/15/2025,Vacation,Approved,Vacation
471,1/9/2025,Sick,Approved,Sick
516,1/14/2025,Personal,Approved,Personal
534,1/7/2025,Parental,Approved,Parental
550,1/26/2025,Vacation,Approved,Vacation
617,1/25/2025,Vacation,Approved,Vacation
633,1/20/2025,Vacation,Approved,Vacation
654,1/11/2025,Personal,Approved,Personal
669,1/4/2025,Vacation,Approved,Vacation
698,1/24/2025,Parental,Approved,Parental
710,1/15/2025,Vacation,Approved,Vacation
713,1/26/2025,Vacation,Approved,Vacation
722,1/7/2025,Vacation,Approved,Vacation
725,1/4/2025,Vacation,Approved,Vacation
751,1/4/2025,Sick,Approved,Sick
34,2/20/2025,Parental,Approved,Parental
98,2/11/2025,Vacation,Approved,Vacation
158,2/5/2025,Parental,Approved,Parental
211,2/3/2025,Parental,Approved,Parental
240,2/13/2025,Parental,Approved,Parental
253,2/22/2025,Parental,Approved,Parental
270,2/1/2025,Personal,Denied,None
284,2/2/2025,Sick,Approved,Sick
300,2/11/2025,Sick,Approved,Sick
328,2/10/2025,Parental,Approved,Parental
339,2/12/2025,Personal,Approved,Personal
382,2/25/2025,Personal,Denied,None
421,2/14/2025,Sick,Approved,Sick
439,2/14/2025,Parental,Approved,Parental
448,2/20/2025,Sick,Denied,None
461,2/19/2025,Vacation,Approved,Vacation
489,2/19/2025,Personal,Approved,Personal
572,2/28/2025,Parental,Denied,None
613,2/13/2025,Sick,Pending,None
652,2/3/2025,Vacation,Approved,Vacation
665,2/17/2025,Personal,Approved,Personal
667,2/2/2025,Parental,Denied,None
672,2/24/2025,Vacation,Approved,Vacation
709,2/8/2025,Parental,Approved,Parental
715,2/12/2025,Personal,Denied,None
720,2/17/2025,Sick,Approved,Sick
723,2/11/2025,Vacation,Approved,Vacation
742,2/9/2025,Sick,Approved,Sick
746,2/9/2025,Parental,Approved,Parental
748,2/24/2025,Sick,Approved,Sick
763,2/10/2025,Sick,Approved,Sick
35,3/5/2025,Vacation,Approved,Vacation
45,3/30/2025,Vacation,Denied,None
78,3/10/2025,Sick,Approved,Sick
98,3/28/2025,Personal,Approved,Personal
138,3/12/2025,Personal,Approved,Personal
147,3/14/2025,Personal,Approved,Personal
173,3/18/2025,Sick,Approved,Sick
215,3/28/2025,Vacation,Approved,Vacation
257,3/17/2025,Vacation,Approved,Vacation
369,3/11/2025,Personal,Approved,Personal
426,3/6/2025,Vacation,Denied,None
446,3/8/2025,Sick,Approved,Sick
462,3/22/2025,Personal,Approved,Personal
489,3/9/2025,Parental,Approved,Parental
511,3/26/2025,Vacation,Approved,Vacation
521,3/9/2025,Vacation,Approved,Vacation
553,3/25/2025,Sick,Approved,Sick
557,3/29/2025,Parental,Pending,None
619,3/17/2025,Personal,Approved,Personal
641,3/27/2025,Parental,Approved,Parental
688,3/25/2025,Parental,Approved,Parental
698,3/12/2025,Sick,Approved,Sick
708,3/12/2025,Parental,Approved,Parental
709,3/21/2025,Vacation,Approved,Vacation
715,3/9/2025,Parental,Approved,Parental
718,3/30/2025,Vacation,Approved,Vacation
783,3/13/2025,Personal,Approved,Personal
784,3/27/2025,Parental,Pending,None
